"Tomate", 814.93, 873
"Champignon", 3651.68, 108
"Caqui", 803.51, 108
"Ciruela", 938.18, 927
"Batata", 14.66, 870
"Uva", 722.74, 285
"Champignon", 3622.84, 108
"Ciruela", 942.43, 882
"Banana", 60.63, 1150
"Zuccini", 87.45, 486
"Choclo", 47.08, 252
"Batata", 19.20, 1200
"Lima", 1033.49, 218
"Apio", 53.49, 342
"Apio", 63.48, 333
"Alcachofa", 146.81, 288
"Sandía", 58.07, 1080
"Naranja", 2.82, 930
"Batata", 26.13, 930
"Apio", 60.18, 357
"Frutilla", 263.62, 249
"Higo", 2407.56, 107
"Pepino", 38.80, 400
"Berenjena", 64.36, 540
"Mandarina", 20.02, 1090
"Mandarina", 30.57, 910
"Limon", 337.72, 721
"Papa", 18.04, 930
"Coliflor", 22.95, 460
"Coliflor", 25.52, 565
"Palta", 494.96, 590
"Coliflor", 34.00, 570
"Durazno", 148.92, 880
"Calabaza", 19.20, 648
"Zuccini", 96.30, 594
"Durazno", 273.58, 760
"Limon", 335.42, 567
"Ciruela", 963.40, 1035
"Frambuesa", 2048.13, 112
"Tomate", 719.50, 792
"Espárrago", 614.45, 196
"Choclo", 43.98, 276
"Melón", 103.22, 456
"Pepino", 33.40, 520
"Melón", 117.39, 384
"Mandarina", 18.34, 880
"Naranja", 17.46, 1100
"Banana", 74.47, 920
"Mandarina", 17.73, 870
"Tomate", 724.01, 1080
"Tomate", 747.25, 1035
"Rabanito", 241.65, 264
"Ajo", 903.59, 97
"Kinoto", 41.92, 182
"Caqui", 824.77, 84
"Calabaza", 18.54, 832
"Durazno", 138.75, 912
"Champignon", 3585.43, 106
"Apio", 63.10, 324
"Berenjena", 44.37, 516
"Apio", 74.47, 276
"Morrón", 2870.55, 540
"Champignon", 3612.20, 102
"Tomate", 719.39, 972
"Papa", 23.17, 980
"Repollo", 6.56, 791
"Calabaza", 29.41, 848
"Pepino", 35.59, 490
"Melón", 110.73, 360
"Choclo", 60.74, 297
"Durazno", 168.34, 824
"Durazno", 174.11, 872
"Uva", 732.43, 333
"Rabanito", 225.81, 276
"Calabaza", 26.36, 848
"Acelga", 28.79, 810
"Coliflor", 27.13, 440
"Lechuga", 39.88, 792
"Melón", 99.91, 392
"Acelga", 16.64, 774
"Rabanito", 225.24, 342
"Rabanito", 216.69, 360
"Zanahoria", 35.99, 642
"Kiwi", 449.50, 480
"Espárrago", 635.36, 224
"Morrón", 2937.32, 684
"Batata", 19.56, 1130
"Lechuga", 38.00, 981
"Lima", 1051.53, 212
"Morrón", 2943.64, 636
"Naranja", 12.05, 1160
"Berenjena", 50.58, 492
"Berenjena", 57.36, 510
"Brócoli", 362.07, 328
"Champignon", 3572.09, 93
"Champignon", 3683.75, 87
"Berenjena", 57.99, 672
"Lima", 1203.57, 222
"Frambuesa", 2036.66, 105
"Tomate", 715.44, 1026
"Apio", 55.18, 246
"Kiwi", 436.10, 388
"Zanahoria", 41.10, 522
"Durazno", 163.88, 872
"Papa", 16.82, 840
"Coliflor", 34.15, 445
"Brócoli", 346.07, 452
"Kiwi", 415.32, 376
"Limon", 329.70, 826
"Alcachofa", 133.34, 318
"Kinoto", 34.61, 186
"Apio", 59.44, 282
"Durazno", 276.49, 672
"Palta", 1146.15, 352
"Apio", 66.74, 279
"Palta", 500.19, 570
"Zuccini", 73.92, 714
"Pera", 144.00, 910
"Espárrago", 618.70, 228
"Kiwi", 444.40, 356
"Frutilla", 307.73, 348
"Kiwi", 433.45, 376
"Limon", 315.14, 819
"Banana", 55.77, 850
"Lima", 1382.04, 190
"Mandarina", 24.41, 860
"Palta", 1149.82, 404
"Palta", 1141.96, 348
"Higo", 2459.13, 96
"Lima", 1153.62, 220
"Durazno", 160.61, 800
"Rabanito", 227.65, 348
"Pomelo", 49.43, 891
"Kiwi", 450.87, 396
"Naranja", 3.96, 800
"Rabanito", 241.92, 246
"Naranja", 18.52, 880
"Calabaza", 22.33, 752
"Pepino", 22.79, 505
"Naranja", 27.64, 1060
"Limon", 312.90, 609
"Calabaza", 19.01, 672
"Pera", 154.07, 1190
"Frambuesa", 2084.54, 109
"Pepino", 29.95, 480
"Repollo", 4.98, 609
"Batata", 20.10, 900
"Brócoli", 357.53, 420
"Caqui", 843.90, 118
"Repollo", 5.48, 623
"Repollo", 6.65, 588
"Lechuga", 39.73, 792
"Coliflor", 19.81, 495
"Brócoli", 367.60, 436
"Zuccini", 81.30, 492
"Papa", 21.57, 910
"Pepino", 35.79, 565
"Kinoto", 31.00, 196
"Espárrago", 607.68, 162
"Calabaza", 19.53, 680
"Papa", 21.85, 910
"Mandarina", 19.64, 840
"Papa", 19.62, 1140
"Manzana", 128.45, 1160
"Palta", 1157.93, 320
"Manzana", 149.06, 1120
"Caqui", 774.12, 112
"Calabaza", 25.92, 800
"Lechuga", 29.26, 1044
"Pepino", 41.33, 580
"Pomelo", 44.28, 720
"Morrón", 3034.05, 720
"Tomate", 745.43, 855
"Palta", 1135.49, 320
"Melón", 113.68, 376
"Lima", 1321.00, 232
"Uva", 638.31, 348
"Mandarina", 19.03, 820
"Banana", 57.97, 1190
"Mandarina", 19.57, 930
"Durazno", 259.27, 728
"Frutilla", 290.97, 276
"Higo", 2595.76, 86
"Kinoto", 29.41, 210
"Cereza", 1063.74, 186
"Tomate", 755.40, 909
"Sandía", 72.09, 720
"Naranja", 14.86, 980
"Brócoli", 355.28, 448
"Durazno", 129.71, 880
"Kiwi", 416.81, 424
"Limon", 342.69, 630
"Frutilla", 308.15, 309
"Ciruela", 952.58, 855
"Apio", 68.57, 270
"Ciruela", 974.23, 1017
"Lima", 1008.79, 236
"Durazno", 266.72, 960
"Cebolla", 62.39, 872
"Durazno", 276.42, 776
"Naranja", 14.76, 990
"Caqui", 780.79, 106
"Acelga", 26.28, 1080
"Frutilla", 302.84, 258
"Lima", 982.52, 164
"Manzana", 128.21, 1150
"Alcachofa", 156.76, 342
"Kinoto", 25.80, 228
"Zuccini", 89.40, 720
"Lima", 1388.17, 168
"Champignon", 3669.61, 93
"Naranja", 15.64, 1080
"Repollo", 3.32, 819
"Limon", 334.07, 742
"TomCherry", 548.52, 238
"Tomate", 760.76, 873
"Palta", 1117.47, 328
"Kinoto", 33.06, 174
"Rabanito", 232.21, 273
"Tomate", 748.59, 747
"Batata", 19.65, 1020
"Zuccini", 75.05, 582
"Mandarina", 33.68, 1020
"Apio", 56.15, 339
"Caqui", 814.59, 106
"Lima", 1391.32, 212
"Cereza", 1016.75, 234
"Espárrago", 618.65, 214
"Coliflor", 17.48, 590
"Coliflor", 24.15, 530
"Morrón", 2890.54, 642
"Melón", 116.29, 324
"Durazno", 281.00, 832
"Ajo", 894.37, 115
"Papa", 19.50, 820
"Alcachofa", 151.49, 258
"Lima", 1001.75, 164
"TomCherry", 532.43, 200
"Kiwi", 434.83, 360
"Papa", 14.78, 810
"Cereza", 1060.85, 160
"Morrón", 2949.26, 588
"Frambuesa", 2139.29, 91
"Zanahoria", 38.43, 576
"Naranja", 18.38, 1010
"Mandarina", 20.30, 800
"Banana", 41.96, 980
"Ajo", 956.77, 104
"Palta", 509.31, 555
"Apio", 68.24, 288
"Cebolla", 70.05, 744
"Coliflor", 28.48, 465
"Frambuesa", 2077.69, 120
"Berenjena", 57.16, 492
"Espárrago", 640.21, 184
"Batata", 10.16, 850
"Naranja", 18.01, 840
"Durazno", 187.74, 880
"Zanahoria", 36.64, 576
"Frutilla", 296.73, 282
"Alcachofa", 128.28, 270
"Ajo", 947.40, 105
"TomCherry", 565.85, 238
"Uva", 668.17, 303
"Zuccini", 80.77, 570
"Pepino", 36.21, 490
"Sandía", 62.25, 810
"Tomate", 692.26, 855
"Kinoto", 35.05, 212
"Mandarina", 15.63, 1150
"Espárrago", 618.60, 202
"Lima", 1035.15, 166
"Melón", 113.40, 448
"Palta", 485.00, 570
"Sandía", 55.62, 927
"Alcachofa", 151.05, 282
"Palta", 514.00, 440
"Berenjena", 45.56, 588
"Calabaza", 21.08, 656
"Manzana", 146.36, 860
"Pepino", 36.32, 420
"Berenjena", 41.28, 702
"Higo", 2481.84, 81
"Zuccini", 97.18, 582
"TomCherry", 537.69, 164
"Frambuesa", 2112.88, 84
"Lechuga", 36.17, 918
"Ajo", 889.84, 90
"Espárrago", 611.05, 182
"Naranja", 24.47, 1050
"Calabaza", 18.23, 896
"Calabaza", 14.25, 928
"Cereza", 1002.30, 238
"Apio", 60.30, 279
"Ajo", 943.07, 102
"Lechuga", 47.39, 720
"Tomate", 726.64, 990
"Zuccini", 80.54, 714
"Coliflor", 35.27, 420
"Zanahoria", 36.68, 528
"Uva", 742.87, 342
"Pepino", 35.45, 575
"Kinoto", 25.16, 200
"Pera", 150.41, 1160
"Higo", 2574.66, 98
"Higo", 2642.97, 87
"Alcachofa", 153.86, 243
"Berenjena", 41.19, 552
"Sandía", 57.83, 810
"Champignon", 3543.56, 86
"Lima", 988.11, 200
"Kiwi", 435.72, 444
"Durazno", 141.90, 904
"Lima", 1013.70, 170
"Pepino", 37.58, 400
"Mandarina", 21.59, 900
"Calabaza", 22.01, 728
"Coliflor", 29.72, 485
"Repollo", 7.48, 602
"Pepino", 29.97, 520
"Lima", 1072.79, 180
"Lechuga", 37.13, 1071
"Kiwi", 430.48, 412
"TomCherry", 549.65, 224
"Brócoli", 352.49, 328
"Pera", 143.55, 1130
"Papa", 11.60, 890
"Batata", 25.69, 1020
"Alcachofa", 143.28, 282
"Calabaza", 24.54, 648
"Naranja", 19.09, 980
"Espárrago", 657.31, 194
"Palta", 1114.15, 460
"Lima", 1287.00, 186
"Lima", 988.93, 184
"Melón", 129.43, 424
"Ciruela", 989.48, 765
"Palta", 1094.40, 424
"Lechuga", 20.03, 945
"Cereza", 1044.87, 234
"Choclo", 54.33, 309
"Durazno", 156.15, 872
"Higo", 2559.51, 82
"Mandarina", 14.56, 970
"Mandarina", 15.50, 1020
"Ciruela", 944.28, 1017
"Sandía", 47.74, 729
"Papa", 22.72, 1100
"Kiwi", 426.42, 476
"Kinoto", 36.54, 216
"TomCherry", 540.63, 192
"Kinoto", 35.61, 180
"Zuccini", 71.36, 720
"Durazno", 264.20, 664
"Repollo", 5.47, 756
"Palta", 1175.41, 372
"Caqui", 837.26, 107
"Limon", 351.23, 609
"Repollo", 4.45, 714
"Ajo", 904.74, 104
"Lima", 1017.30, 240
"Zanahoria", 27.21, 666
"Kiwi", 426.75, 384
"Lechuga", 36.66, 945
"Naranja", 12.71, 980
"Batata", 26.03, 1180
"Apio", 49.19, 291
"Rabanito", 212.07, 282
"Champignon", 3595.04, 94
"Melón", 135.36, 480
"Zanahoria", 34.24, 720
"Ciruela", 908.47, 999
"Mandarina", 19.78, 960
"Pepino", 36.98, 475
"Zanahoria", 33.66, 600
"Banana", 58.41, 1030
"Kinoto", 32.13, 176
"Naranja", 18.64, 1120
"Caqui", 839.88, 94
"Calabaza", 20.39, 696
"Champignon", 3596.91, 100
"Pera", 138.90, 1080
"TomCherry", 530.12, 176
"Pepino", 48.80, 510
"Tomate", 744.18, 720
"Frutilla", 288.79, 267
"Durazno", 160.34, 848
"Banana", 55.25, 820
"Alcachofa", 156.90, 348
"Durazno", 292.42, 792
"Zuccini", 99.08, 702
"Melón", 109.35, 388
"Espárrago", 615.93, 178
"Rabanito", 227.65, 255
"Lechuga", 32.55, 837
"Palta", 1096.39, 436
"Calabaza", 23.33, 760
"Kinoto", 28.52, 214
"Cereza", 1055.42, 210
"Manzana", 129.29, 1020
"Kiwi", 490.28, 440
"Kinoto", 35.15, 232
"Ciruela", 1018.15, 765
"Tomate", 743.34, 1080
"Cebolla", 78.23, 688
"Rabanito", 228.25, 327
"Calabaza", 13.94, 904
"Zanahoria", 34.00, 546
"Tomate", 764.34, 765
"Kiwi", 424.96, 364
"Frambuesa", 2070.74, 89
"Banana", 67.62, 910
"Zuccini", 76.42, 654
"Lima", 1190.75, 226
"Kinoto", 39.04, 178
"Durazno", 162.62, 872
"Pomelo", 53.93, 801
"Sandía", 65.57, 909
"Champignon", 3438.28, 108
"Rabanito", 200.00, 261
"Melón", 96.50, 360
"Naranja", 17.62, 850
"Morrón", 2926.48, 552
"Apio", 57.41, 288
"Frutilla", 266.39, 285
"Lima", 1379.72, 218
"Alcachofa", 140.95, 321
"Lima", 1015.62, 184
"Berenjena", 49.77, 690
"Lima", 1402.46, 234
"Higo", 2553.32, 80
"TomCherry", 512.55, 168
"Repollo", 3.34, 777
"TomCherry", 546.13, 202
"Lechuga", 24.68, 945
"Repollo", 3.29, 721
"Durazno", 148.52, 952
"Banana", 55.44, 1020
"Lima", 1328.75, 220
"Lima", 1210.38, 236
"Berenjena", 48.05, 528
"Naranja", 15.95, 950
"Espárrago", 667.26, 160
"Ciruela", 980.18, 720
"Espárrago", 655.71, 168
"Mandarina", 25.39, 1060
"Naranja", 11.12, 1180
"Batata", 18.09, 870
"TomCherry", 471.85, 236
"Brócoli", 340.16, 404
"Kiwi", 441.05, 468
"Lima", 1196.65, 204
"Lima", 1016.59, 218
"Acelga", 24.76, 792
"Frambuesa", 2157.22, 92
"Pepino", 36.54, 595
"Acelga", 16.32, 720
"Melón", 99.16, 356
"Frambuesa", 2046.59, 111
"Manzana", 148.97, 1010
"Cebolla", 71.60, 888
"Calabaza", 21.64, 680
"Espárrago", 614.37, 192
"Durazno", 264.17, 720
"Manzana", 129.97, 1120
"Durazno", 148.47, 744
"Berenjena", 47.26, 504
"Repollo", 8.05, 805
"Cebolla", 64.28, 712
"Repollo", 8.47, 686
"Palta", 518.34, 555
"Kiwi", 451.11, 416
"Melón", 108.39, 472
"Sandía", 73.77, 747
"Repollo", 1.70, 805
"Durazno", 166.34, 872
"Ajo", 919.23, 107
"Sandía", 46.42, 819
"Lima", 1229.95, 168
"Morrón", 2934.78, 564
"Uva", 700.56, 357
"Zuccini", 81.60, 690
"Lima", 1028.06, 200
"TomCherry", 555.13, 238
"Lechuga", 42.94, 810
"Batata", 20.31, 940
"Batata", 23.63, 920
"Rabanito", 230.05, 261
"Pomelo", 52.85, 963
"Alcachofa", 151.35, 264
"Frambuesa", 1928.40, 115
"Pomelo", 46.01, 882
"Frutilla", 287.20, 255
"Lima", 1053.12, 184
"Naranja", 23.82, 1030
"Sandía", 52.97, 810
"Durazno", 183.03, 768
"Zuccini", 92.48, 660
"Durazno", 129.00, 960
"Acelga", 17.73, 1053
"Apio", 58.38, 291
"Champignon", 3682.08, 117
"Ajo", 894.24, 101
"Cebolla", 49.25, 912
"Apio", 54.17, 270
"Banana", 73.51, 1040
"Apio", 55.50, 255
"Limon", 333.41, 840
"Champignon", 3556.86, 108
"Apio", 64.79, 324
"Batata", 21.46, 800
"Mandarina", 16.83, 1100
"Kiwi", 473.06, 400
"Alcachofa", 127.40, 297
"Repollo", 7.13, 602
"Champignon", 3651.48, 105
"Acelga", 16.86, 927
"Palta", 491.90, 500
"Coliflor", 35.21, 515
"Repollo", 3.20, 784
"Cereza", 998.76, 160
"Uva", 691.28, 255
"Naranja", 17.44, 980
"Durazno", 258.78, 800
"Acelga", 23.33, 765
"Cereza", 1041.61, 220
"Zanahoria", 30.12, 504
"Lima", 1097.13, 198
"Palta", 1188.34, 392
"Ciruela", 961.91, 855
"Champignon", 3642.65, 87
"Lima", 1246.93, 178
"Sandía", 60.69, 1008
"Brócoli", 330.04, 432
"Zanahoria", 28.31, 576
"Pepino", 44.93, 555
"Pera", 137.81, 1070
"Naranja", 10.73, 1100
"Zanahoria", 17.02, 600
"Durazno", 149.23, 640
"Alcachofa", 146.69, 261
"Acelga", 29.25, 1062
"Kinoto", 29.83, 190
"Frutilla", 314.69, 360
"Frambuesa", 2081.25, 101
"Banana", 81.75, 890
"Frutilla", 285.46, 240
"Frambuesa", 2038.93, 117
"Kiwi", 417.23, 368
"Banana", 58.90, 800
"Champignon", 3580.12, 81
"Lima", 1355.53, 198
"Repollo", 7.82, 623
"Melón", 105.99, 420
"Uva", 670.92, 294
"Coliflor", 27.93, 560
"Pera", 146.99, 1020
"Pomelo", 45.27, 765
"Cereza", 1008.31, 178
"Lima", 1027.40, 166
"Mandarina", 21.31, 910
"Pera", 148.56, 1160
"Zanahoria", 28.86, 714
"Ciruela", 934.40, 1035
"Rabanito", 211.89, 267
"Naranja", 17.80, 1140
"Calabaza", 17.38, 848
"Rabanito", 249.91, 264
"Zanahoria", 31.64, 528
"Kiwi", 408.83, 392
"Champignon", 3676.05, 115
"Ciruela", 954.78, 981
"Morrón", 2903.50, 582
"Berenjena", 62.95, 720
"Apio", 38.85, 303
"Pera", 149.95, 880
"Melón", 99.73, 344
"Durazno", 174.70, 744
"Tomate", 722.05, 819
"Espárrago", 651.52, 240
"Berenjena", 56.45, 720
"Ciruela", 930.24, 1071
"Manzana", 121.24, 1080
"Kiwi", 475.38, 428
"Choclo", 61.95, 351
"Choclo", 64.62, 306
"Naranja", 14.25, 1080
"Lima", 1036.42, 208
"Zanahoria", 34.12, 522
"Morrón", 2930.06, 516
"Melón", 98.69, 380
"Mandarina", 31.56, 1130
"Frutilla", 315.82, 291
"Sandía", 72.34, 945
"Brócoli", 343.28, 380
"Naranja", 3.07, 1150
"Manzana", 129.07, 960
"Lima", 1214.33, 228
"Pera", 151.46, 1060
"Frambuesa", 2047.61, 97
"Alcachofa", 129.11, 285
"Repollo", 7.68, 623
"Lima", 1248.61, 200
"Calabaza", 25.27, 784
"Morrón", 2957.10, 534
"Naranja", 18.83, 980
"Champignon", 3563.00, 106
"Rabanito", 216.98, 300
"Lechuga", 21.66, 972
"Zanahoria", 41.66, 552
"Ajo", 966.29, 110
"Calabaza", 21.49, 776
"Frambuesa", 2152.64, 85
"Frutilla", 308.15, 264
"Naranja", 11.49, 1140
"Palta", 497.06, 485
"Apio", 44.26, 327
"TomCherry", 550.08, 216
"Durazno", 152.20, 760
"Durazno", 254.98, 752
"Choclo", 69.16, 264
"Papa", 17.04, 930
"Tomate", 804.52, 801
"Manzana", 144.99, 850
"Batata", 22.36, 950
"Lima", 1043.29, 216
"Naranja", 15.77, 1110
"Banana", 69.24, 1200
"Naranja", 18.16, 850
"Zuccini", 75.37, 690
"Morrón", 2904.26, 552
"Durazno", 124.69, 720
"Lechuga", 33.01, 1017
"Durazno", 164.93, 704
"Lima", 1362.20, 224
"Zuccini", 78.55, 690
"Papa", 16.72, 850
"Alcachofa", 139.90, 276
"Zanahoria", 37.35, 636
"Ciruela", 953.27, 837
"Kinoto", 30.90, 186
"Berenjena", 72.99, 642
"Kinoto", 23.80, 164
"Lima", 1219.10, 194
"Naranja", 15.15, 910
"Palta", 1098.68, 360
"Berenjena", 48.67, 504
"Mandarina", 22.75, 950
"Limon", 326.20, 574
"Sandía", 58.71, 882
"Mandarina", 21.19, 940
"Mandarina", 12.48, 940
"Batata", 25.31, 990
"Frambuesa", 2095.39, 81
"Naranja", 13.07, 1010
"Cereza", 1003.61, 178
"Mandarina", 24.63, 920
"Choclo", 62.83, 243
"Uva", 688.78, 351
"Ajo", 877.30, 107
"Alcachofa", 157.83, 321
"Rabanito", 232.56, 324
"Lechuga", 34.42, 882
"Lima", 1360.96, 170
"Choclo", 63.51, 279
"Cebolla", 72.69, 664
"Limon", 317.79, 574
"Banana", 70.68, 1060
"Palta", 1187.21, 348
"Pepino", 31.95, 585
"Espárrago", 556.01, 190
"Choclo", 61.51, 315
"Cebolla", 61.70, 792
"Choclo", 56.44, 285
"Acelga", 28.85, 954
"Champignon", 3509.39, 89
"Rabanito", 211.86, 360
"Limon", 320.88, 763
"Durazno", 151.78, 736
"Champignon", 3534.73, 88
"Lima", 1078.15, 210
"Espárrago", 595.37, 164
"Repollo", 1.91, 595
"Sandía", 69.28, 1017
"Ajo", 981.30, 118
"Palta", 494.89, 520
"Batata", 22.51, 1050
"Lima", 1012.56, 166
"Tomate", 720.10, 1026
"Pomelo", 47.22, 882
"Acelga", 22.02, 1062
"Uva", 695.86, 282
"Ciruela", 989.88, 1035
"Tomate", 711.74, 954
"Espárrago", 632.38, 192
"Cereza", 1010.62, 172
"Ajo", 896.12, 92
"Zanahoria", 32.30, 534
"Rabanito", 245.10, 348
"Cebolla", 58.11, 680
"Papa", 15.85, 1040
"Pera", 157.16, 930
"Sandía", 63.64, 765
"Acelga", 16.31, 846
"Espárrago", 650.70, 224
"Rabanito", 215.42, 312
"Champignon", 3678.38, 90
"Caqui", 833.34, 98
"Kinoto", 30.03, 164
"Lima", 1221.32, 194
"Tomate", 700.38, 1062
"Cebolla", 66.96, 640
"Repollo", 3.24, 791
"Repollo", 6.32, 749
"Papa", 22.85, 970
"Papa", 18.63, 860
"Cebolla", 63.78, 640
"Brócoli", 369.22, 412
"Espárrago", 633.79, 176
"Mandarina", 24.96, 800
"Lima", 1078.24, 210
"Morrón", 2962.15, 672
"Choclo", 56.50, 264
"Palta", 1174.72, 428
"Higo", 2559.29, 81
"Durazno", 139.02, 824
"Frambuesa", 2077.64, 90
"Pepino", 35.60, 590
"Mandarina", 24.08, 1130
"Lima", 1037.99, 180
"Higo", 2542.68, 105
"TomCherry", 543.72, 188
"Frutilla", 304.11, 303
"Caqui", 852.34, 103
"Higo", 2594.62, 88
"Ciruela", 951.35, 792
"Lima", 1224.96, 194
"Champignon", 3533.86, 107
"Caqui", 864.73, 89
"Manzana", 128.97, 900
"Repollo", 8.42, 826
"Durazno", 270.24, 656
"Champignon", 3540.90, 112
"Papa", 14.71, 1130
"Berenjena", 52.07, 636
"Champignon", 3565.33, 90
"Cebolla", 58.89, 912
"Manzana", 151.78, 920
"Durazno", 247.43, 904
"Durazno", 172.53, 656
"Berenjena", 63.62, 606
"Palta", 471.42, 410
"Naranja", 8.82, 1040
"Durazno", 151.22, 728
"Lima", 1197.01, 216
"Champignon", 3632.69, 87
"Acelga", 13.39, 738
"Zanahoria", 31.51, 624
"Lima", 994.83, 216
"Repollo", 6.00, 784
"Frambuesa", 2065.22, 107
"Alcachofa", 133.26, 288
"Champignon", 3572.00, 110
"Pepino", 40.20, 410
"Repollo", 8.44, 735
"Cebolla", 57.68, 800
"Ciruela", 1008.82, 1008
"Palta", 502.67, 435
"Mandarina", 19.61, 1030
"Mandarina", 29.60, 1060
"Lechuga", 41.08, 792
"Kinoto", 31.78, 208
"Higo", 2539.00, 108
"Ciruela", 1012.73, 774
"Papa", 13.98, 1200
"Kiwi", 445.78, 372
"Batata", 13.52, 1090
"Choclo", 52.70, 279
"Manzana", 125.33, 920
"Apio", 60.00, 312
"Acelga", 21.53, 765
"Cereza", 1039.59, 230
"TomCherry", 565.39, 188
"Naranja", 24.79, 820
"Zanahoria", 34.94, 666
"Mandarina", 16.03, 960
"Sandía", 64.65, 792
"Mandarina", 15.53, 930
"Repollo", 5.82, 567
"Tomate", 729.22, 918
"Banana", 67.90, 820
"Pomelo", 43.84, 720
"Zuccini", 83.27, 510
"Limon", 307.77, 707
"Rabanito", 244.51, 291
"Lima", 975.89, 234
"Coliflor", 29.43, 455
"Calabaza", 21.26, 920
"Choclo", 58.33, 357
"Morrón", 2896.62, 672
"Brócoli", 372.21, 380
"Pera", 160.92, 880
"Espárrago", 602.66, 188
"Papa", 19.49, 1120
"Berenjena", 49.35, 486
"Papa", 17.40, 990
"Durazno", 170.95, 824
"Brócoli", 383.79, 328
"Naranja", 13.20, 800
"Melón", 109.60, 468
"Papa", 13.79, 1120
"Acelga", 17.25, 882
"Pera", 144.90, 1130
"Pepino", 46.99, 595
"Kinoto", 40.73, 168
"Durazno", 177.75, 648
"Coliflor", 33.36, 520
"Repollo", 6.66, 798
"Uva", 714.94, 252
"Lima", 1201.79, 196
"Limon", 320.86, 595
"Repollo", 4.46, 798
"Naranja", 9.25, 1020
"Choclo", 53.25, 348
"Lima", 1339.44, 206
"Palta", 1139.32, 424
"Cereza", 1005.08, 190
"Naranja", 6.68, 950
"Tomate", 765.45, 828
"Berenjena", 37.46, 528
"Cereza", 994.86, 204
"Brócoli", 346.48, 368
"Caqui", 829.24, 105
"Cebolla", 61.33, 696
"Naranja", 16.93, 900
"Naranja", 6.44, 1030
"Palta", 508.61, 545
"Morrón", 3009.02, 522
"Higo", 2584.31, 92
"Kinoto", 37.52, 184
"Kiwi", 397.56, 448
"Palta", 531.80, 470
"Manzana", 168.07, 1120
"Papa", 17.83, 890
"Tomate", 710.73, 927
"Sandía", 57.36, 1026
"Lima", 1066.72, 196
"Mandarina", 17.30, 940
"Alcachofa", 152.21, 249
"Apio", 61.79, 333
"Banana", 65.00, 1010
"Limon", 353.21, 588
"Repollo", 6.48, 672
"Lechuga", 42.57, 1053
"Lima", 1321.54, 160
"Palta", 459.88, 490
"Durazno", 253.58, 800
"Apio", 72.77, 294
"Repollo", 4.51, 651
"Tomate", 761.98, 972
"Banana", 83.32, 950
"Lima", 1032.72, 210
"Brócoli", 347.97, 444
"Zanahoria", 36.03, 558
"Melón", 84.59, 352
"Calabaza", 18.50, 864
"Lima", 1043.58, 236
"Espárrago", 651.57, 164
"Melón", 95.63, 360
"TomCherry", 558.14, 166
"Apio", 69.23, 357
"Durazno", 261.63, 656
"Zanahoria", 35.02, 666
"Mandarina", 26.06, 910
"Zuccini", 82.38, 510
"Lechuga", 39.12, 891
"Morrón", 3031.25, 672
"Espárrago", 630.96, 206
"Melón", 97.17, 400
"Tomate", 752.63, 873
"Lima", 1329.76, 220
"Durazno", 256.03, 760
"Higo", 2631.27, 119
"Kinoto", 33.07, 162
"Ciruela", 939.98, 873
"Brócoli", 366.25, 448
"Durazno", 267.41, 760
"Kiwi", 424.65, 372
"Lechuga", 42.45, 900
"Manzana", 117.53, 1070
"Lima", 1429.84, 192
"Ciruela", 911.69, 972
"Naranja", 11.69, 820
"Durazno", 273.43, 936
"Espárrago", 649.93, 164
"Durazno", 294.90, 696
"Zuccini", 110.98, 666
"Limon", 342.57, 637
"Brócoli", 329.40, 360
"Brócoli", 348.55, 388
"Ajo", 904.61, 102
"Ajo", 845.29, 110
"Rabanito", 239.22, 243
"Mandarina", 12.69, 830
"Naranja", 9.96, 1040
"Palta", 502.13, 415
"Alcachofa", 129.55, 240
"Choclo", 30.05, 360
"Manzana", 137.97, 940
"Rabanito", 211.37, 321
"Acelga", 19.42, 801
"Espárrago", 644.61, 238
"Mandarina", 21.72, 1030
"Repollo", 6.91, 679
"Zuccini", 79.13, 588
"Frambuesa", 1967.17, 87
"Kinoto", 35.47, 206
"Palta", 481.65, 585
"Frutilla", 279.05, 360
"Durazno", 176.35, 896
"Sandía", 49.44, 756
"Melón", 111.76, 432
"Pomelo", 44.65, 738
"Banana", 70.74, 990
"Acelga", 18.82, 963
"Naranja", 10.62, 1170
"Caqui", 845.78, 88
"Naranja", 17.76, 850
"Champignon", 3576.01, 104
"Rabanito", 239.93, 306
"Durazno", 258.02, 792
"Zanahoria", 37.35, 492
"Tomate", 791.44, 1044
"Zanahoria", 36.59, 624
"Pomelo", 50.21, 738
"Banana", 67.80, 1010
"TomCherry", 555.06, 238
"Cebolla", 71.76, 816
"Tomate", 702.97, 909
"Lechuga", 53.01, 1053
"Sandía", 53.42, 783
"Pera", 147.16, 870
"Ciruela", 930.73, 1026
"Alcachofa", 149.91, 354
"Apio", 53.06, 318
"Pomelo", 39.00, 936
"Batata", 14.61, 1060
"Lima", 1045.53, 168
"Limon", 334.58, 777
"Mandarina", 27.29, 1090
"Zanahoria", 22.47, 660
"Uva", 682.74, 267
"Zanahoria", 36.90, 510
"Caqui", 830.16, 93
"Zanahoria", 24.30, 558
"Espárrago", 617.05, 210
"Frambuesa", 2041.85, 119
"Lima", 1328.20, 174
"Pera", 153.03, 970
"Alcachofa", 136.05, 357
"Lechuga", 55.25, 900
"Naranja", 10.57, 1070
"Ciruela", 928.30, 756
"Apio", 64.75, 240
"Pomelo", 39.00, 756
"Manzana", 147.51, 990
"Melón", 117.63, 404
"Champignon", 3650.88, 116
"Acelga", 26.80, 963
"Mandarina", 30.27, 850
"TomCherry", 560.53, 188
"Higo", 2493.56, 115
"Papa", 13.76, 1130
"Naranja", 11.54, 1080
"Lima", 1244.49, 220
"Acelga", 19.51, 972
"Ajo", 920.95, 106
"Palta", 1171.51, 480
"Palta", 1127.78, 352
"Coliflor", 30.96, 465
"Calabaza", 24.80, 760
"Lima", 1199.11, 178
"Batata", 21.36, 950
"Repollo", 6.31, 826
"Frambuesa", 2056.34, 110
"Apio", 60.19, 342
"Durazno", 140.01, 672
"Palta", 1136.26, 448
"Ajo", 950.57, 109
"Zuccini", 84.25, 714
"TomCherry", 562.75, 232
"Durazno", 128.74, 816
"Melón", 113.99, 416
"Palta", 455.89, 530
"Palta", 477.48, 430
"Frutilla", 325.86, 351
"Palta", 1129.82, 440
"Frambuesa", 2047.27, 113
"Zuccini", 70.56, 576
"Cebolla", 63.14, 760
"Calabaza", 23.39, 744
"Pera", 159.64, 1180
"Ajo", 955.43, 98
"Brócoli", 331.39, 448
"Champignon", 3549.57, 109
"Pepino", 38.31, 435
"Champignon", 3586.50, 90
"Limon", 333.60, 707
"Kinoto", 19.03, 174
"Palta", 471.93, 575
"TomCherry", 536.11, 190
"Lima", 1367.23, 210
"Pomelo", 50.46, 990
"Ajo", 905.61, 105
"Manzana", 133.83, 1040
"Acelga", 24.55, 819
"Papa", 15.10, 910
"Naranja", 11.04, 940
"Champignon", 3648.11, 94
"Pera", 137.52, 1010
"Melón", 109.52, 476
"Frambuesa", 1986.99, 116
"Pepino", 38.99, 405
"Papa", 22.59, 860
"Melón", 113.35, 364
"Naranja", 9.99, 850
"Pera", 148.89, 1000
"Apio", 55.75, 360
"Champignon", 3647.80, 108
"Rabanito", 239.23, 351
"Papa", 7.43, 1000
"Caqui", 839.39, 80
"Lechuga", 41.27, 729
"Lima", 1356.69, 174
"Coliflor", 40.95, 600
"Calabaza", 22.39, 896
"Zanahoria", 37.71, 594
"Pomelo", 47.62, 981
"Tomate", 732.30, 783
"Manzana", 145.09, 1110
"Ajo", 923.19, 92
"Batata", 18.52, 1040
"Morrón", 2878.52, 648
"Frambuesa", 2073.53, 93
"Durazno", 274.84, 768
"Pepino", 44.02, 445
"Mandarina", 22.59, 1120
"Durazno", 135.65, 904
"Cereza", 1015.80, 204
"Berenjena", 45.13, 540
"Batata", 20.51, 1060
"Uva", 729.68, 273
"Morrón", 3052.30, 714
"Alcachofa", 123.67, 315
"Papa", 24.74, 1100
"Lima", 1260.46, 198
"Zuccini", 75.58, 624
"Choclo", 74.00, 261
"Mandarina", 16.65, 1110
"Repollo", 6.86, 686
"Frutilla", 275.88, 300
"Papa", 11.53, 930
"Naranja", 14.12, 1110
"Tomate", 736.63, 954
"Kiwi", 401.28, 420
"Berenjena", 48.43, 504
"Espárrago", 653.55, 206
"Mandarina", 26.00, 1080
"Melón", 104.98, 460
"Acelga", 21.90, 738
"Espárrago", 621.45, 234
"Palta", 501.06, 560
"Sandía", 65.06, 981
"Melón", 99.24, 420
"Higo", 2571.84, 104
"Ciruela", 961.54, 756
"Zanahoria", 30.30, 630
"Frutilla", 293.39, 297
"Morrón", 2908.63, 492
"Lechuga", 35.39, 855
"Brócoli", 375.64, 336
"Lima", 1196.22, 160
"Cebolla", 73.22, 704
"Banana", 79.58, 870
"Palta", 1182.10, 328
"Mandarina", 28.07, 1130
"Cereza", 971.35, 178
"Papa", 19.53, 860
"Caqui", 835.17, 119
"Frutilla", 318.29, 285
"Lima", 1257.57, 200
"Sandía", 68.97, 1080
"Lima", 1041.24, 186
"Zuccini", 88.45, 714
"Sandía", 74.39, 810
"Naranja", 15.16, 850
"Acelga", 14.08, 855
"Melón", 119.79, 384
"Durazno", 261.36, 952
"Morrón", 2972.80, 576
"Champignon", 3651.81, 90
"Higo", 2510.52, 97
"Durazno", 172.96, 720
"Sandía", 66.27, 954
"Zuccini", 80.39, 588
"Acelga", 19.52, 927
"Berenjena", 54.17, 678
"Rabanito", 208.73, 297
"Durazno", 276.60, 736
"Lima", 1333.03, 190
"Lima", 1233.60, 170
"Ajo", 932.04, 93
"Ciruela", 962.82, 837
"Kiwi", 425.03, 444
"Lima", 982.41, 184
"Espárrago", 657.44, 240
"Apio", 47.19, 267
"Durazno", 186.12, 792
"Tomate", 751.14, 855
"Mandarina", 13.94, 1090
"Cereza", 1042.26, 238
"Lima", 1243.16, 174
"Ciruela", 991.24, 756
"Lechuga", 39.59, 747
"Uva", 757.54, 252
"Ajo", 927.43, 110
"Palta", 494.22, 565
"Papa", 20.45, 1140
"Durazno", 199.86, 816
"Frutilla", 261.93, 270
"Tomate", 779.15, 954
"Durazno", 151.87, 728
"Kiwi", 447.62, 344
"Papa", 16.38, 960
"Mandarina", 16.53, 860
"Melón", 119.39, 480
"Apio", 59.38, 318
"Sandía", 57.32, 954
"Pepino", 42.51, 545
"Calabaza", 21.36, 872
"Palta", 456.70, 505
"Mandarina", 21.21, 980
"Naranja", 13.99, 1040
"Frutilla", 291.50, 306
"Lechuga", 27.61, 765
"Pera", 152.80, 1140
"Melón", 101.24, 452
"Choclo", 69.11, 276
"Ciruela", 936.90, 819
"Caqui", 800.28, 97
"Uva", 726.59, 345
"Kiwi", 433.76, 420
"Apio", 59.59, 360
"Ciruela", 976.70, 936
"TomCherry", 520.76, 174
"Naranja", 11.27, 950
"Banana", 69.82, 1060
"Cereza", 1044.86, 202
"Pera", 125.28, 960
"Berenjena", 57.12, 678
"Repollo", 4.12, 833
"Lima", 1406.85, 196
"Brócoli", 371.63, 328
"Champignon", 3657.26, 120
"Alcachofa", 157.50, 240
"Pomelo", 48.13, 873
"Sandía", 48.42, 720
"Repollo", 2.76, 770
"Durazno", 289.27, 952
"Mandarina", 19.21, 1030
"Palta", 483.80, 475
"Kinoto", 39.88, 216
"Lima", 1016.58, 234
"Batata", 18.46, 1020
"Frutilla", 296.69, 306
"Coliflor", 33.86, 515
"Rabanito", 230.74, 342
"Limon", 322.14, 756
"Cebolla", 59.72, 928
"Limon", 340.81, 637
"Kinoto", 36.71, 168
"Zuccini", 77.80, 522
"Acelga", 33.23, 765
"Frutilla", 254.86, 294
"Mandarina", 16.90, 1130
"Kiwi", 437.89, 404
"Morrón", 2963.04, 714
"Durazno", 155.20, 920
"Papa", 12.99, 940
"Caqui", 846.56, 117
"Berenjena", 57.62, 666
"Pepino", 45.02, 500
"Cereza", 1041.82, 184
"Alcachofa", 132.18, 267
"Zanahoria", 28.32, 552
"Cereza", 1038.27, 198
"Uva", 710.45, 300
"Pomelo", 51.97, 900
"Coliflor", 35.04, 415
"Mandarina", 28.49, 900
"Melón", 93.56, 424
"Palta", 1139.13, 440
"Tomate", 743.08, 936
"Sandía", 62.44, 891
"Cebolla", 53.47, 864
"Espárrago", 656.08, 240
"Mandarina", 31.57, 1020
"Ciruela", 985.70, 963
"Lima", 1460.09, 202
"Uva", 740.38, 261
"Ajo", 907.64, 83
"Tomate", 707.43, 1008
"Brócoli", 375.11, 320
"Lechuga", 48.31, 810
"Melón", 86.46, 396
"Lima", 982.74, 176
"Naranja", 20.81, 830
"Acelga", 26.24, 1008
"Morrón", 3046.93, 534
"Durazno", 150.06, 728
"Higo", 2501.79, 113
"Coliflor", 31.55, 405
"Cereza", 1027.04, 210
"Caqui", 812.56, 106
"Coliflor", 18.51, 400
"Zuccini", 85.72, 546
"Zuccini", 88.75, 522
"Coliflor", 35.34, 575
"Acelga", 24.81, 720
"Tomate", 733.16, 900
"Pera", 152.54, 1160
"Ajo", 903.01, 103
"Lechuga", 41.14, 981
"Choclo", 65.86, 351
"Tomate", 736.11, 792
"Kiwi", 455.52, 444
"Lechuga", 34.98, 999
"Durazno", 141.33, 744
"Durazno", 273.51, 952
"Durazno", 133.24, 768
"Naranja", 9.93, 1120
"Kiwi", 448.92, 452
"Kiwi", 467.36, 480
"Ajo", 870.62, 100
"Uva", 730.66, 273
"Melón", 115.34, 440
"Palta", 469.54, 450
"Ajo", 904.51, 90
"Brócoli", 369.59, 448
"Higo", 2550.39, 89
"Repollo", 7.24, 581
"Durazno", 180.67, 712
"Zuccini", 77.34, 534
"Sandía", 65.04, 1080
"Durazno", 296.17, 792
"Brócoli", 356.30, 460
"Apio", 69.57, 303
"Kiwi", 472.07, 476
"TomCherry", 554.52, 186
"Durazno", 125.26, 840
"Ajo", 881.18, 115
"Lima", 1218.51, 208
"Alcachofa", 163.73, 261
"Sandía", 54.11, 738
"Frambuesa", 2087.22, 89
"Lechuga", 41.36, 909
"Kinoto", 35.44, 190
"Apio", 61.79, 255
"Frambuesa", 2021.36, 103
"Pomelo", 41.28, 1044
"Ciruela", 947.68, 900
"Choclo", 58.51, 240
"Manzana", 120.00, 1110
"Champignon", 3572.03, 94
"Caqui", 855.35, 83
"Mandarina", 17.77, 1070
"Higo", 2537.52, 85
"Papa", 13.47, 810
"Lima", 1190.26, 236
"Caqui", 799.60, 108
"Uva", 693.22, 261
"Champignon", 3593.73, 98
"Cereza", 1024.64, 192
"Naranja", 11.01, 800
"Palta", 480.87, 430
"Champignon", 3648.71, 102
"Champignon", 3604.76, 108
"Lechuga", 38.20, 1053
"Lima", 1386.30, 212
"Sandía", 67.72, 837
"Sandía", 58.38, 891
"Higo", 2538.59, 89
"Papa", 13.81, 1010
"Limon", 323.70, 630
"Limon", 272.33, 840
"Lima", 1010.14, 218
"Manzana", 115.78, 1200
"Lima", 1401.06, 162
"Tomate", 715.37, 846
"Mandarina", 17.71, 1070
"Lima", 1367.31, 224
"Morrón", 2925.42, 606
"Apio", 47.10, 324
"Durazno", 145.97, 912
"Frutilla", 267.95, 291
"Kiwi", 409.93, 388
"Sandía", 63.14, 891
"Lechuga", 45.79, 945
"Melón", 106.46, 324
"Pomelo", 45.72, 1053
"Rabanito", 235.13, 321
"Lima", 1037.09, 212
"Limon", 324.74, 805
"Manzana", 139.16, 1120
"Papa", 11.44, 810
"Palta", 1183.14, 384
"Pera", 156.84, 1080
"Morrón", 2934.11, 582
"Pepino", 22.46, 450
"Palta", 487.08, 460
"Durazno", 264.78, 848
"Repollo", 3.53, 840
"Kiwi", 446.20, 404
"Acelga", 30.49, 846
"Pomelo", 47.56, 1071
"Brócoli", 350.96, 456
"Ajo", 847.93, 98
"Frutilla", 308.01, 339
"Palta", 1137.36, 448
"Tomate", 789.17, 1008
"Frutilla", 279.34, 264
"Palta", 505.09, 470
"Pomelo", 23.78, 954
"Ajo", 968.68, 118
"TomCherry", 562.16, 174
"Limon", 333.36, 644
"Melón", 115.22, 396
"Durazno", 175.61, 688
"Kinoto", 35.94, 222
"Naranja", 16.50, 1080
"Frutilla", 286.06, 294
"Kiwi", 406.99, 372
"Kinoto", 37.88, 194
"Uva", 738.63, 348
"Champignon", 3513.66, 110
"Higo", 2459.07, 113
"Uva", 701.73, 261
"Tomate", 741.08, 909
"Batata", 19.43, 1090
"Higo", 2531.85, 119
"Ajo", 890.53, 82
"Naranja", 13.52, 820
"Sandía", 63.75, 1044
"Batata", 20.22, 1100
"TomCherry", 556.09, 162
"Cereza", 989.41, 214
"Lima", 1334.15, 188
"Morrón", 2994.81, 654
"Pomelo", 40.82, 1026
"Durazno", 146.81, 768
"Palta", 470.62, 515
"Lechuga", 31.79, 783
"Apio", 71.45, 309
"Zuccini", 85.74, 582
"Repollo", 7.44, 707
"Cereza", 965.27, 176
"Pera", 159.78, 800
"Tomate", 747.03, 1071
"Berenjena", 51.58, 576
"Frutilla", 264.35, 306
"Kinoto", 29.05, 214
"Frutilla", 296.37, 288
"Rabanito", 200.50, 243
"Mandarina", 30.14, 1020
"Lechuga", 39.42, 891
"Higo", 2578.62, 109
"Durazno", 135.49, 672
"Champignon", 3469.70, 98
"Manzana", 160.02, 1190
"Cebolla", 66.45, 864
"Banana", 45.26, 1010
"Lima", 1203.13, 206
"Alcachofa", 157.58, 240
"Acelga", 19.99, 999
"Calabaza", 19.81, 960
"Rabanito", 242.85, 312
"Brócoli", 350.77, 476
"Ajo", 943.54, 89
"Apio", 70.82, 327
"Rabanito", 210.18, 285
"Mandarina", 19.27, 900
"Batata", 12.60, 860
"Limon", 381.72, 812
"Repollo", 5.14, 602
"Higo", 2547.40, 101
"Frutilla", 272.55, 315
"Rabanito", 231.37, 357
"Palta", 518.22, 495
"Alcachofa", 134.20, 240
"Higo", 2517.66, 99
"Cebolla", 53.27, 872
"Rabanito", 218.30, 258
"Kiwi", 427.18, 460
"Cereza", 998.75, 238
"Tomate", 726.55, 855
"Apio", 58.72, 252
"Durazno", 250.29, 712
"Acelga", 20.92, 990
"Mandarina", 14.87, 1160
"Ciruela", 956.55, 927
"Naranja", 15.78, 920
"Batata", 18.05, 870
"Tomate", 790.40, 783
"Sandía", 58.76, 801
"Lima", 1330.03, 222
"Lima", 1174.18, 192
"Palta", 488.98, 590
"Tomate", 713.19, 729
"Cereza", 951.88, 164
"Calabaza", 23.40, 880
"Pera", 162.66, 1090
"Lima", 1063.83, 210
"Durazno", 123.63, 688
"Kinoto", 35.74, 192
"Palta", 485.33, 465
"Palta", 503.08, 510
"Frutilla", 311.35, 294
"Kinoto", 42.75, 182
"Pepino", 31.12, 485
"Limon", 313.58, 686
"Coliflor", 26.33, 455
"Espárrago", 623.05, 240
"Melón", 127.84, 320
"Champignon", 3579.46, 105
"Lima", 1234.11, 210
"Morrón", 2957.08, 588
"Lechuga", 39.29, 981
"Acelga", 21.22, 855
"Lima", 1277.30, 218
"Cereza", 1044.13, 180
"Banana", 61.74, 840
"Pera", 161.36, 1190
"Palta", 1094.43, 392
"Limon", 336.85, 728
"Alcachofa", 172.75, 312
"Espárrago", 622.41, 166
"Repollo", 1.93, 770
"Morrón", 2901.08, 630
"Acelga", 16.34, 1026
"Alcachofa", 132.50, 315
"Palta", 1133.23, 412
"Lima", 1368.34, 204
"Apio", 57.89, 273
"Higo", 2521.62, 85
"Durazno", 274.45, 880
"Alcachofa", 152.03, 258
"Zanahoria", 25.93, 714
"Melón", 110.17, 400
"Ciruela", 967.72, 1062
"Choclo", 57.78, 321
"Manzana", 128.49, 960
"Lima", 1383.13, 176
"Durazno", 138.27, 648
"Frutilla", 305.99, 315
"Naranja", 18.31, 920
"Lima", 1356.23, 220
"Repollo", 5.69, 588
"Sandía", 56.19, 1062
"Frambuesa", 2078.93, 103
"Papa", 17.22, 990
"Pomelo", 36.18, 981
"Naranja", 27.44, 1170
"Cebolla", 62.99, 776
"Sandía", 57.54, 1035
"Berenjena", 55.27, 540
"Palta", 1074.83, 428
"Sandía", 64.44, 963
"Mandarina", 22.29, 830
"Sandía", 70.80, 1026
"Uva", 682.74, 294
"Frambuesa", 2065.62, 108
"Cebolla", 63.45, 744
"Pera", 158.74, 1060
"Mandarina", 19.76, 1130
"Durazno", 150.48, 824
"Papa", 19.13, 1070
"Coliflor", 36.31, 545
"Batata", 22.24, 1100
"Palta", 1151.33, 364
"Palta", 479.94, 490
"Espárrago", 595.73, 240
"Naranja", 11.05, 840
"Limon", 345.00, 777
"Caqui", 796.54, 111
"Pera", 162.66, 1100
"Palta", 1157.48, 336
"Higo", 2578.01, 85
"Palta", 454.95, 540
"Brócoli", 326.13, 344
"Kinoto", 36.76, 198
"Alcachofa", 140.77, 315
"Zuccini", 100.08, 576
"Rabanito", 226.76, 324
"Cereza", 1098.99, 216
"Alcachofa", 142.36, 300
"Cereza", 1086.72, 214
"Kiwi", 455.59, 452
"Melón", 103.22, 440
"Pera", 150.04, 900
"Naranja", 13.91, 1120
"Frutilla", 261.71, 360
"Espárrago", 621.57, 238
"Palta", 1128.44, 348
"Cereza", 1065.09, 230
"Zanahoria", 23.98, 522
"Higo", 2482.36, 91
"Pepino", 31.40, 535
"Repollo", 6.56, 805
"Palta", 514.29, 580
"Mandarina", 15.54, 1050
"Ciruela", 947.08, 855
"Naranja", 20.67, 1040
"Mandarina", 21.47, 1010
"Pera", 147.49, 880
"Repollo", 6.40, 644
"Kiwi", 422.59, 400
"Kiwi", 432.01, 324
"Melón", 116.85, 388
"Papa", 21.73, 830
"Naranja", 13.90, 810
"Caqui", 827.04, 107
"Banana", 57.89, 840
"Pepino", 39.46, 490
"Banana", 53.53, 1200
"Mandarina", 24.32, 1120
"Cereza", 1059.81, 218
"Zanahoria", 39.56, 594
"Zanahoria", 29.71, 690
"Frutilla", 311.57, 243
"Lima", 1401.35, 220
"Zuccini", 94.70, 582
"Palta", 1160.83, 348
"Frambuesa", 2034.49, 92
"Naranja", 12.22, 1140
"Frambuesa", 2129.03, 87
"Banana", 53.01, 860
"Melón", 99.19, 416
"Pepino", 37.23, 460
"Durazno", 134.72, 688
"Pepino", 38.06, 510
"Caqui", 836.53, 96
"Higo", 2470.94, 102
"Durazno", 149.79, 936
"Sandía", 65.58, 963
"Ciruela", 988.78, 810
"Ciruela", 963.09, 747
"Frambuesa", 2143.12, 109
"Melón", 111.08, 428
"Cebolla", 64.31, 768
"Berenjena", 79.82, 528
"Apio", 52.39, 342
"Papa", 20.01, 1150
"Lechuga", 43.65, 864
"Apio", 70.18, 240
"Caqui", 791.51, 83
"Pera", 146.59, 830
"Lima", 1209.77, 240
"Durazno", 268.23, 912
"Zuccini", 85.87, 594
"Calabaza", 17.73, 656
"Palta", 502.51, 400
"Uva", 664.46, 258
"Durazno", 257.31, 728
"TomCherry", 546.08, 224
"Caqui", 812.48, 116
"Banana", 69.26, 1080
"Champignon", 3737.56, 98
"Lima", 1359.47, 168
"Apio", 61.33, 282
"Cereza", 986.29, 220
"Sandía", 66.64, 1071
"Zuccini", 78.73, 624
"Ajo", 891.80, 91
"Pepino", 28.57, 525
"Zanahoria", 28.19, 486
"Naranja", 18.37, 990
"Papa", 21.93, 870
"Ciruela", 958.15, 738
"Manzana", 134.10, 1100
"Palta", 1166.63, 320
"Lima", 1231.56, 228
"Pomelo", 51.28, 972
"Zuccini", 84.36, 642
"Kinoto", 25.83, 160
"Naranja", 19.61, 810
"Cereza", 1011.48, 236
"Pomelo", 46.95, 873
"Durazno", 167.47, 896
"Melón", 107.25, 480
"Pera", 167.60, 1160
"Lechuga", 48.12, 729
"Durazno", 196.86, 816
"Cereza", 1032.93, 188
"Durazno", 152.83, 848
"Alcachofa", 147.53, 330
"Zuccini", 72.63, 570
"Rabanito", 235.40, 258
"Batata", 13.92, 1030
"Apio", 45.44, 306
"Mandarina", 19.83, 830
"Kiwi", 474.07, 360
"Durazno", 170.87, 768
"Calabaza", 25.26, 800
"Choclo", 69.98, 324
"Repollo", 5.38, 637
"Durazno", 163.78, 848
"Pomelo", 49.99, 792
"Zuccini", 84.79, 510
"Melón", 105.97, 368
"Cebolla", 59.55, 640
"Cebolla", 71.49, 744
"Frambuesa", 2105.22, 82
"Zanahoria", 30.86, 558
"Champignon", 3631.38, 108
"TomCherry", 529.51, 180
"Cereza", 1050.93, 228
"Durazno", 277.42, 872
"Zanahoria", 35.98, 684
"Mandarina", 18.10, 960
"Banana", 59.60, 1040
"Tomate", 761.88, 945
"Kiwi", 391.01, 472
"Palta", 1192.29, 412
"Cebolla", 53.89, 816
"Naranja", 14.94, 1160
"Cereza", 1017.85, 226
"Berenjena", 46.27, 576
"Zanahoria", 31.95, 618
"Durazno", 175.11, 808
"Naranja", 7.82, 1060
"Banana", 55.60, 810
"Repollo", 5.11, 749
"Lechuga", 42.08, 1035
"Mandarina", 16.73, 1190
"Choclo", 71.84, 294
"Ciruela", 991.04, 972
"TomCherry", 529.84, 220
"Durazno", 278.34, 832
"Papa", 18.06, 980
"Repollo", 5.83, 728
"Palta", 1172.04, 480
"Papa", 12.61, 1040
"Higo", 2503.94, 112
"Cereza", 1048.34, 196
"Palta", 1137.20, 444
"Lima", 1187.22, 160
"Repollo", 6.32, 791
"Pomelo", 38.01, 909
"Morrón", 3008.37, 666
"Pomelo", 39.19, 729
"Sandía", 67.52, 801
"Mandarina", 17.34, 880
"Ajo", 945.12, 117
"Uva", 718.60, 309
"Mandarina", 13.43, 850
"Choclo", 56.22, 255
"Cebolla", 65.45, 960
"Lima", 1217.67, 240
"Pera", 142.81, 810
"Sandía", 64.51, 729
"Naranja", 8.78, 820
"Palta", 460.48, 430
"Rabanito", 237.46, 261
"Pera", 164.10, 1140
"Manzana", 129.87, 1110
"Lechuga", 35.97, 981
"Palta", 1140.44, 344
"Limon", 328.34, 588
"Coliflor", 26.80, 530
"Ajo", 889.80, 109
"Mandarina", 17.67, 1020
"Lechuga", 29.88, 774
"Alcachofa", 153.13, 318
"Mandarina", 15.05, 1120
"Rabanito", 213.54, 291
"Cereza", 971.87, 234
"Morrón", 2936.10, 690
"Rabanito", 238.60, 312
"Palta", 1175.58, 464
"Calabaza", 26.54, 664
"Rabanito", 237.02, 279
"Limon", 333.57, 714
"Cebolla", 75.85, 880
"Kinoto", 35.62, 176
"Ajo", 921.38, 90
"Zanahoria", 35.64, 564
"Tomate", 748.52, 891
"Pera", 134.99, 930
"Zuccini", 96.59, 666
"Champignon", 3564.85, 118
"Ciruela", 940.79, 756
"Melón", 81.60, 444
"Choclo", 60.70, 294
"Champignon", 3678.33, 103
"TomCherry", 558.98, 218
"Morrón", 3044.91, 630
"Durazno", 279.12, 664
"Palta", 507.02, 525
"Kiwi", 460.71, 364
"Limon", 330.98, 630
"Repollo", 7.18, 623
"Rabanito", 221.47, 258
"Ajo", 877.63, 80
"TomCherry", 551.34, 232
"Frutilla", 315.43, 282
"Naranja", 16.62, 910
"Durazno", 178.46, 680
"Mandarina", 20.51, 1070
"Acelga", 25.03, 765
"Manzana", 131.57, 1180
"Palta", 448.04, 480
"Ciruela", 953.55, 999
"Morrón", 2915.82, 480
"Durazno", 266.31, 776
"Lima", 1040.94, 192
"Ciruela", 934.58, 909
"Limon", 334.52, 665
"Palta", 1115.45, 340
"Palta", 498.90, 485
"Calabaza", 16.85, 656
"Coliflor", 25.46, 540
"Naranja", 12.19, 850
"Banana", 59.22, 1070
"Morrón", 2896.90, 558
"Espárrago", 577.96, 176
"Lima", 1233.43, 196
"Brócoli", 377.33, 412
"Rabanito", 192.84, 345
"Manzana", 126.86, 1180
"Banana", 44.66, 950
"Pepino", 35.34, 585
"Ajo", 937.93, 109
"Sandía", 62.89, 846
"TomCherry", 536.88, 174
"Kiwi", 411.56, 460
"Ciruela", 947.59, 828
"Ajo", 942.10, 93
"Melón", 113.96, 444
"Calabaza", 16.91, 840
"Pomelo", 40.75, 999
"Cebolla", 66.63, 704
"Papa", 16.94, 1180
"TomCherry", 525.27, 216
"Zuccini", 74.18, 564
"Durazno", 178.67, 856
"Rabanito", 229.86, 282
"Zuccini", 96.88, 654
"Brócoli", 361.72, 464
"Lima", 1355.56, 198
"Naranja", 13.53, 860
"Sandía", 53.53, 945
"Naranja", 17.32, 820
"Choclo", 48.74, 282
"Choclo", 55.36, 288
"Berenjena", 54.86, 498
"Durazno", 148.59, 944
"Naranja", 21.80, 930
"Kiwi", 417.32, 348
"Durazno", 127.64, 920
"Kinoto", 35.95, 170
"Ajo", 892.41, 94
"Limon", 309.18, 826
"Espárrago", 658.73, 214
"Pepino", 45.81, 495
"Sandía", 54.34, 882
"Rabanito", 229.34, 348
"Berenjena", 62.82, 696
"Uva", 703.87, 240
"Papa", 18.23, 1080
"Apio", 58.45, 294
"Pepino", 32.38, 585
"Durazno", 159.93, 744
"Alcachofa", 141.43, 357
"Naranja", 16.51, 1120
"Alcachofa", 146.98, 297
"Pera", 151.54, 1020
"Papa", 24.11, 1090
"Cereza", 1048.98, 212
"Tomate", 713.35, 882
"Frutilla", 305.47, 342
"Caqui", 836.16, 81
"Frambuesa", 2145.53, 104
"Lima", 1000.54, 174
"Pomelo", 41.44, 819
"Morrón", 3025.65, 624
"Lima", 1421.52, 160
"Caqui", 819.72, 92
"Cebolla", 64.39, 704
"Palta", 1176.57, 448
"Berenjena", 51.57, 594
"Pera", 157.38, 1010
"Ajo", 908.68, 99
"Zanahoria", 35.71, 612
"Coliflor", 37.01, 520
"Berenjena", 51.45, 666
"Pepino", 22.26, 515
"Brócoli", 356.32, 380
"Durazno", 137.92, 784
"Morrón", 2926.27, 600
"Naranja", 6.39, 1150
"Calabaza", 22.95, 696
"Ciruela", 968.88, 882
"Rabanito", 206.70, 264
"Tomate", 754.06, 963
"Palta", 1093.19, 472
"Coliflor", 28.29, 455
"Ajo", 897.18, 106
"Banana", 58.97, 1000
"Lima", 1389.57, 228
"Pomelo", 52.62, 927
"Alcachofa", 132.22, 285
"Palta", 474.05, 480
"Durazno", 263.82, 776
"Tomate", 734.72, 792
"Papa", 17.13, 1140
"Zanahoria", 29.62, 546
"Zanahoria", 37.16, 618
"Palta", 1144.61, 404
"Melón", 99.96, 332
"Mandarina", 13.85, 900
"Choclo", 57.69, 360
"Palta", 1089.68, 356
"Alcachofa", 152.12, 255
"Mandarina", 16.05, 810
"Ajo", 924.89, 81
"Lima", 1246.45, 170
"Caqui", 883.99, 92
"Morrón", 2852.60, 486
"Apio", 59.42, 285
"Pera", 140.58, 1060
"Brócoli", 386.13, 380
"Calabaza", 20.99, 640
"Lima", 1356.82, 202
"Banana", 56.15, 1110
"Kiwi", 427.84, 356
"Lima", 1268.29, 164
"Tomate", 707.34, 999
"Naranja", 14.70, 1180
"Lima", 1191.75, 228
"Limon", 325.72, 679
"Zanahoria", 34.45, 612
"Melón", 95.30, 404
"TomCherry", 548.43, 232
"Kiwi", 446.19, 420
"Banana", 50.59, 890
"Cebolla", 70.47, 776
"Kiwi", 431.90, 412
"Morrón", 2910.81, 534
"Batata", 27.13, 900
"Sandía", 52.89, 792
"Papa", 19.78, 980
"Coliflor", 28.84, 600
"Limon", 324.91, 714
"Rabanito", 239.28, 240
"TomCherry", 577.93, 210
"Sandía", 62.37, 837
"Berenjena", 58.04, 666
"Naranja", 20.99, 900
"Lima", 1370.94, 170
"Champignon", 3607.37, 117
"Frambuesa", 1985.97, 85
"TomCherry", 560.63, 198
"Durazno", 186.23, 728
"Naranja", 15.93, 830
"Lima", 1329.47, 212
"Frutilla", 317.35, 258
"Coliflor", 26.24, 565
"Rabanito", 205.37, 267
"Repollo", 4.96, 812
"Lima", 1254.68, 162
"Calabaza", 16.60, 936
"Espárrago", 616.52, 234
"Repollo", 3.42, 588
"Cebolla", 54.07, 888
"Zuccini", 87.52, 606
"Frutilla", 286.45, 273
"Brócoli", 335.34, 424
"Limon", 341.70, 651
"Cereza", 990.81, 236
"Frutilla", 293.83, 303
"Papa", 12.91, 1190
"Alcachofa", 113.22, 303
"Naranja", 6.06, 1140
"Zanahoria", 31.87, 570
"Mandarina", 21.15, 1150
"Durazno", 154.94, 960
"Morrón", 2906.54, 516
"Berenjena", 50.92, 498
"Rabanito", 222.98, 309
"Calabaza", 16.60, 776
"Brócoli", 379.24, 348
"Choclo", 49.60, 354
"Durazno", 143.10, 680
"Naranja", 9.12, 1150
"Batata", 23.21, 1010
"Morrón", 2929.07, 678
"Palta", 1097.39, 320
"Durazno", 180.20, 816
"Calabaza", 14.64, 872
"Lima", 1016.58, 186
"Melón", 106.74, 480
"Durazno", 173.76, 928
"Durazno", 181.97, 816
"Ciruela", 1004.11, 1044
"Zuccini", 88.47, 600
"Sandía", 50.04, 1080
"Ajo", 904.04, 104
"Champignon", 3566.45, 118
"Kinoto", 41.64, 188
"Morrón", 2946.89, 642
"Coliflor", 32.09, 475
"Ajo", 911.10, 115
"Tomate", 784.96, 729
"Cereza", 1017.90, 236
"Cebolla", 58.87, 800
"Durazno", 243.30, 880
"Naranja", 21.96, 1020
"Banana", 67.85, 1130
"Pomelo", 45.53, 855
"Zuccini", 84.57, 516
"Zanahoria", 37.08, 540
"Lima", 1227.13, 160
"Calabaza", 16.60, 880
"Lima", 1327.99, 174
"Brócoli", 361.79, 456
"Batata", 23.36, 800
"Batata", 15.12, 800
"Kinoto", 36.42, 172
"Uva", 736.16, 339
"Cereza", 1079.63, 222
"Espárrago", 613.91, 240
"Batata", 17.21, 820
"Espárrago", 647.23, 238
"Papa", 17.95, 920
"Espárrago", 667.30, 200
"Ciruela", 987.48, 864
"Zuccini", 85.19, 516
"Lima", 1202.23, 230
"Alcachofa", 143.66, 312
"Durazno", 271.18, 848
"Cebolla", 73.39, 808
"Morrón", 2918.20, 642
"Calabaza", 27.41, 752
"Palta", 484.14, 540
"Papa", 15.56, 880
"Brócoli", 311.16, 436
"Naranja", 16.71, 900
"Zuccini", 82.21, 582
"Zuccini", 95.32, 612
"Apio", 56.77, 273
"Alcachofa", 124.67, 357
"Zanahoria", 32.18, 648
"Caqui", 839.65, 111
"Kiwi", 446.34, 456
"Durazno", 276.29, 752
"Tomate", 719.07, 1008
"Brócoli", 350.20, 348
"Sandía", 46.88, 837
"Cebolla", 51.17, 672
"Banana", 65.96, 1000
"Tomate", 715.26, 720
"Lima", 1002.47, 230
"Ciruela", 895.85, 882
"Durazno", 153.15, 864
"Calabaza", 20.04, 864
"Banana", 67.49, 850
"Caqui", 831.35, 81
"Berenjena", 62.67, 654
"Higo", 2420.94, 91
"Ciruela", 937.13, 945
"Limon", 286.47, 840
"Mandarina", 27.57, 1070
"Limon", 319.08, 567
"Durazno", 258.53, 760
"Rabanito", 221.83, 351
"Lima", 1246.89, 212
"Repollo", 6.23, 588
"Durazno", 152.49, 816
"Brócoli", 325.77, 480
"Repollo", 3.52, 693
"Lechuga", 47.12, 747
"Zanahoria", 33.67, 678
"Acelga", 17.70, 855
"Limon", 313.00, 791
"Kiwi", 424.01, 356
"Ciruela", 932.32, 1071
"Brócoli", 357.06, 444
"Pepino", 43.69, 440
"Morrón", 2957.78, 660
"Lima", 1007.73, 178
"Durazno", 245.37, 648
"Zanahoria", 31.31, 714
"Palta", 504.88, 435
"Repollo", 4.60, 644
"Banana", 50.34, 1010
"Uva", 652.58, 327
"Berenjena", 43.75, 480
"Brócoli", 351.33, 444
"Choclo", 49.36, 255
"Palta", 505.48, 500
"Kinoto", 32.74, 218
"Zuccini", 87.30, 702
"Cebolla", 77.42, 736
"Uva", 705.11, 336
"Zanahoria", 31.20, 702
"Naranja", 16.99, 1140
"Sandía", 56.85, 927
"Naranja", 10.43, 1130
"Calabaza", 22.85, 912
"Pera", 157.98, 840
"Caqui", 789.84, 100
"Caqui", 826.05, 111
"Frambuesa", 2115.09, 99
"Kiwi", 452.71, 404
"Rabanito", 219.45, 246
"Repollo", 9.95, 777
"Melón", 86.32, 416
"Mandarina", 18.87, 1050
"Naranja", 13.53, 1010
"Uva", 664.04, 351
"Zuccini", 89.28, 522
"Champignon", 3718.34, 85
"Apio", 53.13, 282
"Repollo", 7.89, 595
"Repollo", 7.93, 665
"Alcachofa", 128.98, 264
"Kinoto", 34.32, 214
"Frutilla", 303.21, 261
"Champignon", 3654.22, 95
"Tomate", 783.49, 1008
"Lima", 1274.88, 214
"TomCherry", 558.84, 162
"Coliflor", 22.54, 530
"Zuccini", 103.13, 576
"Espárrago", 628.17, 168
"Banana", 62.57, 1000
"Ciruela", 964.64, 738
"Durazno", 161.46, 688
"Naranja", 13.21, 1020
"Repollo", 6.57, 567
"Palta", 1214.67, 436
"Durazno", 136.76, 800
"Papa", 16.69, 910
"Kiwi", 416.29, 412
"Calabaza", 20.23, 864
"Durazno", 137.76, 792
"TomCherry", 570.96, 234
"Cereza", 1056.43, 190
"Brócoli", 385.25, 348
"Lima", 1380.40, 230
"Durazno", 286.81, 960
"Kiwi", 442.79, 452
"Frambuesa", 2093.76, 106
"Limon", 296.11, 707
"Manzana", 126.60, 1050
"Pomelo", 47.17, 891
"Tomate", 750.02, 1062
"Calabaza", 24.53, 936
"Espárrago", 591.19, 186
"Champignon", 3551.30, 100
"Frutilla", 300.85, 351
"Ciruela", 996.84, 855
"Morrón", 3001.85, 648
"Pepino", 40.75, 440
"Calabaza", 12.93, 952
"Palta", 480.91, 590
"Mandarina", 14.61, 1020
"Manzana", 142.19, 920
"Cebolla", 74.46, 824
"Pera", 132.30, 1000
"Pepino", 40.12, 500
"Ciruela", 993.34, 846
"Lima", 1221.51, 226
"Cebolla", 66.22, 712
"TomCherry", 548.28, 194
"Uva", 748.30, 294
"Palta", 1150.72, 448
"Cebolla", 53.17, 808
"Brócoli", 341.02, 452
"Acelga", 21.80, 981
"Frambuesa", 2034.48, 109
"Pera", 149.05, 1070
"Batata", 25.14, 1140
"Choclo", 51.54, 324
"Zuccini", 74.22, 630
"Caqui", 819.27, 81
"Manzana", 123.96, 980
"Rabanito", 216.00, 324
"Lima", 1329.70, 194
"Melón", 89.69, 340
"Rabanito", 210.16, 294
"Melón", 101.74, 396
"Batata", 17.18, 1180
"Papa", 16.86, 1090
"Apio", 57.63, 354
"Ajo", 908.71, 104
"Palta", 475.60, 500
"Champignon", 3632.99, 95
"Ajo", 878.14, 80
"Palta", 1128.34, 332
"Higo", 2476.48, 100
"Repollo", 3.36, 742
"Palta", 1152.83, 440
"Rabanito", 234.61, 258
"Lima", 1339.54, 162
"Lima", 1242.67, 162
"Zuccini", 104.03, 654
"Uva", 713.04, 297
"Batata", 18.61, 1120
"Palta", 471.75, 535
"Palta", 519.62, 575
"Banana", 56.69, 1180
"Pomelo", 50.05, 999
"Berenjena", 70.49, 492
"Mandarina", 12.51, 990
"Brócoli", 350.46, 328
"Kinoto", 26.11, 196
"Frutilla", 281.21, 303
"Kiwi", 405.39, 424
"Apio", 71.44, 258
"Higo", 2548.65, 98
"Pomelo", 32.57, 1062
"Acelga", 21.46, 720
"Durazno", 148.74, 928
"Manzana", 148.18, 1100
"Morrón", 2979.01, 510
"Cereza", 1052.96, 180
"TomCherry", 560.11, 176
"Durazno", 275.02, 824
"Lima", 1357.77, 232
"Palta", 1089.51, 460
"Brócoli", 322.65, 324
"Champignon", 3628.02, 108
"Mandarina", 29.73, 800
"Cereza", 1036.84, 202
"Batata", 24.37, 990
"Durazno", 129.84, 840
"Espárrago", 610.94, 188
"Durazno", 270.87, 776
"Ajo", 918.38, 111
"Lima", 1212.29, 204
"Uva", 697.34, 324
"Cereza", 997.85, 232
"TomCherry", 546.98, 238
"Manzana", 134.12, 1070
"Alcachofa", 146.12, 243
"Batata", 20.51, 1090
"Durazno", 153.14, 840
"Ajo", 922.20, 109
"Lima", 1364.06, 192
"Choclo", 57.11, 354
"Zanahoria", 26.35, 720
"Ajo", 941.90, 117
"Berenjena", 71.73, 624
"Cereza", 1040.99, 236
"Cereza", 1075.61, 174
"Lechuga", 45.84, 936
"Pera", 141.97, 1060
"Lima", 1218.07, 216
"Durazno", 157.70, 824
"Lima", 1015.80, 188
"Lima", 1186.58, 164
"Papa", 14.90, 820
"Frutilla", 268.02, 321
"Durazno", 162.64, 920
"Coliflor", 28.98, 470
"Pepino", 44.61, 490
"Pepino", 42.98, 435
"Espárrago", 606.40, 168
"Naranja", 12.97, 800
"Durazno", 168.18, 704
"Kinoto", 37.00, 228
"Batata", 27.02, 900
"Lima", 1371.04, 220
"Repollo", 5.74, 595
"Naranja", 16.84, 1200
"Rabanito", 211.29, 351
"Manzana", 139.10, 990
"Coliflor", 34.95, 430
"Palta", 1185.00, 332
"Choclo", 57.66, 327
"Limon", 292.76, 819
"Acelga", 17.38, 1080
"Tomate", 735.03, 1062
"Manzana", 126.70, 1200
"Tomate", 720.50, 963
"Durazno", 144.80, 696
"Mandarina", 31.27, 1150
"Espárrago", 611.71, 176
"Caqui", 838.09, 112
"Apio", 60.57, 354
"Pomelo", 42.71, 783
"Higo", 2486.28, 92
"Kinoto", 38.40, 184
"Naranja", 9.57, 840
"Morrón", 2800.99, 582
"Zuccini", 87.71, 504
"Morrón", 2954.99, 546
"Sandía", 78.02, 792
"Frutilla", 263.76, 354
"Pera", 157.88, 890
"Palta", 488.40, 480
"Papa", 11.58, 1140
"Naranja", 10.60, 1000
"Berenjena", 61.90, 558
"Banana", 72.99, 1000
"Cebolla", 51.66, 712
"Banana", 71.51, 960
"Pomelo", 42.90, 909
"Limon", 319.02, 672
"Melón", 88.77, 432
"Banana", 65.52, 800
"Coliflor", 18.69, 410
"Ajo", 917.37, 116
"Frambuesa", 2040.38, 106
"Brócoli", 350.45, 456
"Espárrago", 622.77, 232
"Brócoli", 365.52, 328
"Acelga", 21.01, 1008
"Frutilla", 286.54, 243
"Choclo", 63.74, 306
"TomCherry", 591.20, 164
"Durazno", 168.16, 880
"Calabaza", 22.99, 640
"Tomate", 772.95, 756
"Coliflor", 36.05, 600
"Apio", 58.04, 276
"Mandarina", 28.41, 900
"Espárrago", 616.76, 198
"Espárrago", 648.58, 166
"Pepino", 36.31, 405
"Frambuesa", 2044.75, 94
"Naranja", 15.30, 1080
"Palta", 504.28, 455
"Champignon", 3608.52, 83
"Zuccini", 94.03, 528
"Kiwi", 444.61, 388
"Cebolla", 61.72, 688
"Lechuga", 38.84, 855
"Rabanito", 257.69, 291
"Pomelo", 57.05, 747
"Palta", 482.86, 600
"Ajo", 921.66, 86
"Choclo", 53.40, 270
"Lima", 1033.87, 172
"Mandarina", 18.74, 1190
"Alcachofa", 144.91, 282
"Berenjena", 52.38, 510
"Lima", 1004.24, 176
"Ciruela", 869.28, 954
"Rabanito", 216.43, 258
"Palta", 1104.50, 372
"Limon", 328.02, 721
"Cebolla", 76.69, 760
"Batata", 15.69, 830
"Lechuga", 49.38, 774
"Champignon", 3685.35, 107
"Apio", 60.79, 306
"TomCherry", 544.92, 192
"Naranja", 12.54, 1080
"Naranja", 13.69, 880
"Durazno", 183.92, 928
"Ciruela", 964.12, 990
"Apio", 55.41, 321
"Durazno", 301.04, 896
"Alcachofa", 142.81, 345
"Lima", 1009.31, 192
"Ciruela", 967.14, 801
"Batata", 20.28, 1100
"Rabanito", 224.41, 357
"Mandarina", 27.68, 960
"Cebolla", 70.47, 872
"Durazno", 273.95, 712
"Calabaza", 18.77, 784
"Rabanito", 238.84, 267
"Calabaza", 22.36, 672
"Lechuga", 38.27, 837
"Morrón", 3010.55, 480
"Brócoli", 348.90, 352
"Durazno", 160.48, 920
"Lima", 1042.94, 198
"Batata", 15.40, 1000
"Higo", 2501.96, 89
"Frambuesa", 2057.36, 87
"Uva", 698.47, 360
"Durazno", 131.20, 696
"TomCherry", 578.09, 178
"Apio", 60.56, 243
"Higo", 2450.99, 116
"Alcachofa", 158.95, 297
"Tomate", 713.05, 918
"Acelga", 22.82, 792
"Berenjena", 47.44, 564
"Frutilla", 286.38, 297
"Ajo", 860.61, 81
"TomCherry", 582.54, 206
"Cereza", 1022.52, 190
"Alcachofa", 159.82, 309
"Ciruela", 943.87, 936
"Mandarina", 14.27, 1170
"Zuccini", 74.39, 702
"Pomelo", 45.88, 927
"Champignon", 3575.38, 118
"Cebolla", 72.59, 920
"Cereza", 1059.59, 220
"Mandarina", 18.45, 930
"Lechuga", 37.60, 792
"Naranja", 20.97, 850
"Durazno", 148.09, 928
"Champignon", 3622.58, 114
"Berenjena", 60.34, 546
"Berenjena", 53.60, 492
"Sandía", 45.81, 846
"Kinoto", 29.32, 174
"Caqui", 798.16, 94
"Zuccini", 94.38, 636
"Apio", 59.34, 279
"Naranja", 10.20, 1000
"Pepino", 36.08, 410
"Lima", 1273.66, 198
"Rabanito", 210.09, 336
"Morrón", 3063.30, 612
"Pepino", 37.91, 440
"Frambuesa", 1995.70, 93
"Ciruela", 946.02, 1026
"Cebolla", 62.89, 816
"Morrón", 2962.50, 660
"Zanahoria", 39.72, 690
"Papa", 20.09, 940
"Pepino", 42.51, 435
"Batata", 19.88, 860
"Tomate", 744.69, 999
"Zanahoria", 29.71, 480
"Coliflor", 23.52, 440
"Pera", 141.56, 1200
"Lima", 1184.01, 230
"Pera", 138.93, 1050
"Repollo", 5.80, 637
"Caqui", 790.87, 120
"Papa", 18.96, 1150
"Frutilla", 311.45, 267
"Cereza", 1042.70, 180
"Zuccini", 68.57, 486
"Ciruela", 960.09, 1017
"Rabanito", 229.57, 348
"Berenjena", 57.58, 504
"Banana", 68.26, 1080
"Melón", 101.73, 428
"Pepino", 35.72, 465
"Espárrago", 613.53, 204
"Apio", 57.44, 348
"Kinoto", 31.69, 172
"Uva", 705.30, 339
"Banana", 64.83, 1200
"Morrón", 2964.10, 660
"Uva", 709.49, 342
"Brócoli", 326.16, 464
"Apio", 54.07, 276
"Choclo", 60.53, 360
"Zanahoria", 33.74, 510
"Sandía", 55.04, 1062
"Cereza", 996.90, 180
"Champignon", 3559.55, 86
"Apio", 60.29, 279
"Pera", 170.11, 830
"Sandía", 59.52, 963
"Higo", 2552.60, 107
"Cebolla", 66.16, 640
"Lima", 1350.58, 186
"Alcachofa", 153.51, 291
"Acelga", 18.25, 774
"Cebolla", 67.80, 696
"Berenjena", 60.08, 582
"Batata", 17.98, 820
"Naranja", 18.19, 1170
"Tomate", 768.45, 1017
"Ciruela", 952.46, 855
"Sandía", 81.58, 900
"Zanahoria", 32.13, 684
"Pepino", 44.19, 515
"Palta", 484.53, 515
"Higo", 2458.86, 86
"Berenjena", 35.93, 528
"Choclo", 68.75, 342
"Frambuesa", 2126.98, 105
"Tomate", 681.03, 756
"Lima", 1063.35, 230
"Durazno", 150.56, 848
"Mandarina", 25.69, 1110
"Zuccini", 99.12, 552
"Lechuga", 47.31, 855
"Melón", 101.11, 396
"Cereza", 1086.89, 192
"Champignon", 3589.12, 99
"Apio", 62.72, 255
"Kinoto", 21.49, 184
"Ajo", 943.74, 84
"Ajo", 922.36, 111
"Pera", 150.25, 1000
"Palta", 1146.46, 368
"Cereza", 1021.61, 204
"Mandarina", 23.69, 1160
"Batata", 21.89, 930
"Naranja", 10.41, 920
"Lima", 1354.63, 182
"Rabanito", 227.62, 294
"TomCherry", 540.77, 160
"Champignon", 3640.14, 92
"Limon", 344.26, 630
"Brócoli", 359.30, 368
"Frambuesa", 2014.67, 82
"Pomelo", 32.75, 873
"Naranja", 18.08, 890
"Choclo", 52.66, 303
"TomCherry", 571.28, 234
"Lima", 1058.99, 216
"Palta", 490.17, 490
"Sandía", 58.17, 864
"Brócoli", 367.90, 384
"Sandía", 57.27, 918
"Calabaza", 27.56, 680
"Mandarina", 17.11, 1060
"Alcachofa", 147.47, 324
"Papa", 11.13, 910
"Lechuga", 44.46, 873
"Naranja", 10.81, 1060
"Brócoli", 361.66, 416
"Palta", 1076.03, 400
"Cereza", 1068.75, 234
"Palta", 1192.02, 460
"Frutilla", 294.61, 261
"Naranja", 16.00, 810
"Uva", 703.42, 288
"Rabanito", 221.72, 321
"Caqui", 836.90, 120
"Durazno", 283.15, 928
